id,nb_groups,true_victory,true_defeat,ratio_victory,ratio_iou,Embeddings
168,168,139,29,0.827380952380952,0.26309381711345,TransE
166,166,137,29,0.825301204819277,0.260962239515522,TransE
167,167,138,29,0.826347305389221,0.260528610704317,TransE
169,169,139,30,0.822485207100592,0.260053637578183,TransE
165,165,135,30,0.818181818181818,0.257726616265324,TransE
181,181,142,35,0.784530386740332,0.253698805549803,transd
170,170,138,32,0.811764705882353,0.253632155313538,TransE
171,171,139,32,0.812865497076023,0.25339659685233,TransE
180,180,141,35,0.783333333333333,0.252850314930923,transd
182,182,143,35,0.785714285714286,0.251526994157084,transd
179,179,140,35,0.782122905027933,0.250357670256914,transd
146,146,113,32,0.773972602739726,0.250174579502334,distmult
147,147,113,33,0.768707482993197,0.249325181000885,distmult
183,183,144,35,0.786885245901639,0.249075867577662,transd
178,178,140,34,0.786516853932584,0.248683962341849,transd
186,186,146,34,0.78494623655914,0.247816093473876,distmult
191,191,148,35,0.774869109947644,0.245306040342022,transd
187,187,149,34,0.796791443850267,0.245009353955123,distmult
192,192,148,35,0.770833333333333,0.243928692927635,transd
187,187,145,36,0.775401069518717,0.243876905144738,transd
190,190,147,35,0.773684210526316,0.243418244097136,transd
163,163,127,30,0.779141104294479,0.242631853292197,ProjE
164,164,137,27,0.835365853658537,0.241747737221822,TransE
194,194,148,34,0.762886597938144,0.241452713208121,transd
185,185,146,33,0.789189189189189,0.24098821826477,transd
145,145,112,32,0.772413793103448,0.240965106719918,distmult
143,143,117,26,0.818181818181818,0.24092944234539,TransE
196,196,148,35,0.755102040816326,0.240743011675932,distmult
202,202,153,33,0.757425742574257,0.240279825375959,transd
186,186,146,33,0.78494623655914,0.239666611027192,transd
144,144,112,31,0.777777777777778,0.239638098177223,distmult
163,163,136,27,0.834355828220859,0.2396271562225,TransE
184,184,145,33,0.788043478260869,0.239015397022349,transd
175,175,140,33,0.8,0.238814487141262,distmult
169,169,131,31,0.775147928994083,0.238638606621551,ProjE
214,214,156,33,0.728971962616822,0.238511352908963,distmult
174,174,139,33,0.798850574712644,0.238287615441137,distmult
173,173,138,33,0.797687861271676,0.238200802630607,distmult
172,172,137,33,0.796511627906977,0.237861605035907,distmult
188,188,147,32,0.781914893617021,0.237844923498765,transd
176,176,140,33,0.795454545454545,0.237770729540118,distmult
204,204,152,38,0.745098039215686,0.237563162342727,distmult
215,215,156,33,0.725581395348837,0.237483883500761,distmult
178,178,141,33,0.792134831460674,0.237473813424412,distmult
217,217,156,33,0.71889400921659,0.237425277358292,distmult
189,189,147,32,0.777777777777778,0.237119110585952,transd
205,205,153,36,0.746341463414634,0.23703155004509,transd
162,162,135,27,0.833333333333333,0.236837920844623,TransE
162,162,126,30,0.777777777777778,0.236797511405867,ProjE
161,161,134,27,0.832298136645963,0.236797198453953,TransE
209,209,153,35,0.732057416267943,0.23678689430359,distmult
179,179,141,33,0.787709497206704,0.236756936696529,distmult
208,208,152,37,0.730769230769231,0.236475166305244,distmult
177,177,140,33,0.790960451977401,0.236417767400043,distmult
216,216,156,33,0.722222222222222,0.236415717488409,distmult
205,205,152,38,0.741463414634146,0.236400712495588,distmult
206,206,153,36,0.742718446601942,0.235904346845603,transd
203,203,153,35,0.753694581280788,0.23565837715554,transd
211,211,155,35,0.734597156398104,0.235557718747281,transd
218,218,155,34,0.711009174311927,0.235521030069658,distmult
206,206,152,38,0.737864077669903,0.235338599474471,distmult
213,213,154,34,0.723004694835681,0.235337057918,distmult
210,210,151,32,0.719047619047619,0.235211952965184,ProjE
213,213,154,36,0.723004694835681,0.235140460660998,transd
219,219,155,34,0.707762557077626,0.234838092928363,distmult
184,184,144,35,0.782608695652174,0.23480014044035,distmult
205,205,148,32,0.721951219512195,0.234583033674664,ProjE
212,212,154,36,0.726415094339623,0.234407747953601,transd
207,207,153,36,0.739130434782609,0.234395627051379,transd
207,207,152,38,0.734299516908213,0.23428941374719,distmult
167,167,133,32,0.796407185628742,0.23417195846595,distmult
200,200,152,36,0.76,0.234104342244991,transd
166,166,132,32,0.795180722891566,0.234082584164704,distmult
214,214,154,36,0.719626168224299,0.234056467312898,transd
199,199,151,36,0.758793969849246,0.233862554873548,transd
177,177,132,32,0.745762711864407,0.233797811019722,ProjE
216,216,155,35,0.717592592592593,0.233781504482074,transd
183,183,143,35,0.781420765027322,0.23376410864091,distmult
221,221,154,35,0.69683257918552,0.233687860464282,distmult
220,220,155,34,0.704545454545455,0.233548493289938,distmult
164,164,129,29,0.786585365853659,0.233526387835696,ProjE
185,185,144,35,0.778378378378378,0.233416475166396,distmult
208,208,153,36,0.735576923076923,0.233310852068683,transd
201,201,152,36,0.756218905472637,0.233304123940128,transd
200,200,150,37,0.75,0.233136040151555,distmult
195,195,149,36,0.764102564102564,0.233127370362822,transd
215,215,154,36,0.716279069767442,0.232965843796151,transd
220,220,156,35,0.709090909090909,0.232811084402263,transd
203,203,151,38,0.74384236453202,0.232786752794657,distmult
161,161,126,29,0.782608695652174,0.232732826119386,ProjE
222,222,154,35,0.693693693693694,0.232598599383121,distmult
188,188,138,33,0.734042553191489,0.232447246984858,ProjE
171,171,136,33,0.7953216374269,0.232389840746792,distmult
181,181,141,36,0.779005524861878,0.232335445664504,distmult
209,209,153,36,0.732057416267943,0.232322442522183,transd
218,218,152,34,0.697247706422018,0.232268698352068,ProjE
170,170,133,36,0.782352941176471,0.23221867207544,distmult
201,201,150,37,0.746268656716418,0.231992053243819,distmult
223,223,154,35,0.690582959641256,0.231802700504003,distmult
198,198,150,36,0.757575757575758,0.231739800602646,transd
168,168,133,33,0.791666666666667,0.231533404027777,distmult
196,196,150,36,0.76530612244898,0.231521432408818,transd
217,217,155,36,0.714285714285714,0.231406144744503,transd
181,181,137,30,0.756906077348066,0.23127382763129,ProjE
195,195,149,36,0.764102564102564,0.231247097173967,distmult
182,182,141,36,0.774725274725275,0.230984079901499,distmult
224,224,154,35,0.6875,0.230822836140092,distmult
197,197,150,36,0.761421319796954,0.23080673770007,transd
144,144,116,28,0.805555555555556,0.230780792823281,ProjE
180,180,141,34,0.783333333333333,0.230734433961203,distmult
210,210,153,36,0.728571428571429,0.230631956945618,transd
202,202,150,38,0.742574257425743,0.230582491756157,distmult
188,188,147,35,0.781914893617021,0.230546817215363,distmult
218,218,155,36,0.711009174311927,0.230386995844927,transd
180,180,136,30,0.755555555555556,0.23035085564489,ProjE
130,130,106,24,0.815384615384615,0.230347768805434,ProjE
226,226,155,35,0.685840707964602,0.230276001235279,distmult
204,204,153,36,0.75,0.23006196814498,transd
189,189,147,35,0.777777777777778,0.230015673078768,distmult
225,225,154,35,0.684444444444444,0.229806174925482,distmult
204,204,144,33,0.705882352941176,0.229693343938275,ProjE
236,236,157,34,0.665254237288136,0.229673124564374,distmult
200,200,144,33,0.72,0.229607716437524,ProjE
143,143,111,31,0.776223776223776,0.229543205066757,distmult
135,135,108,27,0.8,0.229502845530797,ProjE
235,235,156,35,0.663829787234042,0.229462590159713,distmult
227,227,155,35,0.682819383259912,0.229285061671803,distmult
178,178,135,30,0.758426966292135,0.228987612949763,ProjE
108,108,88,20,0.814814814814815,0.2289275234522,ProjE
169,169,132,36,0.781065088757396,0.228397050717622,distmult
165,165,131,32,0.793939393939394,0.228375174986103,distmult
192,192,148,36,0.770833333333333,0.228231165998665,distmult
144,144,115,29,0.798611111111111,0.227968011929664,TransE
131,131,106,25,0.809160305343511,0.227891364328724,ProjE
190,190,147,36,0.773684210526316,0.227704510656527,distmult
179,179,143,35,0.798882681564246,0.227519113193938,TransE
179,179,135,30,0.754189944134078,0.227514594097006,ProjE
203,203,146,32,0.719211822660099,0.227461421651769,ProjE
148,148,115,31,0.777027027027027,0.227448105521996,distmult
237,237,158,33,0.666666666666667,0.227336988293806,distmult
183,183,144,36,0.786885245901639,0.227259296737635,TransE
193,193,148,36,0.766839378238342,0.22713240670299,distmult
196,196,150,42,0.76530612244898,0.227108616164871,TransE
191,191,147,36,0.769633507853403,0.227033366035051,distmult
221,221,156,35,0.705882352941176,0.226885094967081,transd
120,120,97,23,0.808333333333333,0.226713362565858,ProjE
238,238,158,33,0.663865546218487,0.226605337147733,distmult
132,132,105,27,0.795454545454545,0.226583797685828,ProjE
180,180,143,35,0.794444444444444,0.226266838365168,TransE
153,153,123,28,0.803921568627451,0.226250939304993,ProjE
222,222,156,35,0.702702702702703,0.226176271874624,transd
219,219,155,36,0.707762557077626,0.22608979042992,transd
142,142,110,31,0.774647887323944,0.226038854914009,distmult
225,225,155,37,0.688888888888889,0.225936888595146,transd
145,145,115,30,0.793103448275862,0.225439746106362,TransE
154,154,123,28,0.798701298701299,0.225297342474266,ProjE
184,184,145,36,0.788043478260869,0.225230169381703,TransE
173,173,140,32,0.809248554913295,0.225224703175363,TransE
226,226,155,37,0.685840707964602,0.225211465783211,transd
199,199,149,37,0.748743718592965,0.22520249436364,distmult
197,197,149,36,0.756345177664975,0.225074517587058,distmult
174,174,141,32,0.810344827586207,0.225055646613361,TransE
143,143,115,28,0.804195804195804,0.224975787894087,ProjE
185,185,137,32,0.740540540540541,0.224945445282562,ProjE
175,175,142,32,0.811428571428571,0.224748711659878,TransE
201,201,152,44,0.756218905472637,0.22465701614017,TransE
194,194,141,32,0.72680412371134,0.224510522897852,ProjE
152,152,122,28,0.802631578947369,0.224450414196581,ProjE
189,189,140,31,0.740740740740741,0.22414454918532,ProjE
223,223,155,37,0.695067264573991,0.224091307534784,transd
142,142,114,28,0.802816901408451,0.224019840133173,ProjE
151,151,122,27,0.80794701986755,0.223978721923051,ProjE
198,198,149,36,0.752525252525252,0.223830818330351,distmult
202,202,152,44,0.752475247524752,0.22380694332846,TransE
182,182,143,37,0.785714285714286,0.223799060100326,TransE
163,163,130,32,0.797546012269939,0.22371439082939,distmult
192,192,141,31,0.734375,0.22369855322329,ProjE
210,210,151,41,0.719047619047619,0.223568475237197,distmult
186,186,137,32,0.736559139784946,0.223564045115595,ProjE
211,211,152,41,0.720379146919431,0.22351378420516,distmult
170,170,128,32,0.752941176470588,0.223504767055519,ProjE
176,176,142,33,0.806818181818182,0.223449861219017,TransE
231,231,156,35,0.675324675324675,0.223428685965293,distmult
195,195,141,32,0.723076923076923,0.223349611624637,ProjE
232,232,156,36,0.672413793103448,0.223337594102394,distmult
176,176,134,30,0.761363636363636,0.22331762382979,ProjE
229,229,156,35,0.681222707423581,0.223300890262311,distmult
224,224,155,37,0.691964285714286,0.223272210052208,transd
185,185,145,37,0.783783783783784,0.223250009059343,TransE
228,228,155,36,0.679824561403509,0.223055943686006,distmult
190,190,140,31,0.736842105263158,0.222950355946849,ProjE
107,107,87,20,0.813084112149533,0.222909336708791,ProjE
230,230,156,35,0.678260869565217,0.222846649925475,distmult
181,181,143,36,0.790055248618785,0.222775848330036,TransE
233,233,156,36,0.669527896995708,0.222699854934012,distmult
162,162,129,32,0.796296296296296,0.22259557314194,distmult
141,141,112,29,0.794326241134752,0.222486304222537,ProjE
203,203,152,44,0.748768472906404,0.222479797458745,TransE
188,188,147,38,0.781914893617021,0.222364284861728,TransE
177,177,143,33,0.807909604519774,0.222349697338606,TransE
164,164,130,32,0.792682926829268,0.222291911207656,distmult
154,154,124,30,0.805194805194805,0.222244357605018,distmult
157,157,127,30,0.808917197452229,0.222243380739434,distmult
182,182,137,30,0.752747252747253,0.222233147079598,ProjE
212,212,152,41,0.716981132075472,0.222228936980017,distmult
197,197,143,32,0.725888324873096,0.222054773238444,ProjE
171,171,129,32,0.754385964912281,0.2219887761772,ProjE
160,160,129,31,0.80625,0.221962510746451,distmult
205,205,153,44,0.746341463414634,0.221831933434959,TransE
118,118,96,22,0.813559322033898,0.221823239815519,ProjE
191,191,140,31,0.732984293193717,0.221770562497364,ProjE
196,196,142,32,0.724489795918367,0.221761930634023,ProjE
184,184,137,31,0.744565217391304,0.221583646092052,ProjE
146,146,119,27,0.815068493150685,0.221568997876593,TransE
234,234,156,36,0.666666666666667,0.221465265266732,distmult
204,204,152,44,0.745098039215686,0.221330095231068,TransE
156,156,126,30,0.807692307692308,0.221230463343714,distmult
241,241,157,33,0.651452282157676,0.221138005391919,distmult
199,199,142,33,0.71356783919598,0.221126494740499,ProjE
240,240,158,34,0.658333333333333,0.220955994814497,distmult
183,183,136,31,0.743169398907104,0.220904639421171,ProjE
193,193,141,31,0.730569948186529,0.22082788347195,ProjE
161,161,130,31,0.807453416149068,0.220794231439581,distmult
239,239,158,34,0.661087866108787,0.220674127205316,distmult
228,228,155,34,0.679824561403509,0.220314088499721,ProjE
243,243,160,35,0.658436213991769,0.220182847188713,transd
186,186,145,38,0.779569892473118,0.220180156811267,TransE
198,198,141,33,0.712121212121212,0.220097796740131,ProjE
214,214,154,43,0.719626168224299,0.219926167345123,TransE
242,242,157,34,0.648760330578512,0.219660810000353,distmult
212,212,154,44,0.726415094339623,0.219547233440409,TransE
229,229,155,34,0.676855895196507,0.219404102404589,ProjE
155,155,125,30,0.806451612903226,0.219358442619573,distmult
244,244,160,35,0.655737704918033,0.219323542840103,transd
141,141,109,31,0.773049645390071,0.219302924107484,distmult
211,211,154,44,0.729857819905213,0.219296820796192,TransE
243,243,157,38,0.646090534979424,0.219260455036604,ProjE
215,215,154,42,0.716279069767442,0.219227904927846,TransE
194,194,147,36,0.757731958762887,0.219206315983702,distmult
201,201,143,34,0.711442786069652,0.219189215419505,ProjE
172,172,133,31,0.773255813953488,0.219156059507995,ProjE
189,189,148,40,0.783068783068783,0.219104559708772,TransE
116,116,91,24,0.78448275862069,0.219055607528519,ProjE
206,206,144,34,0.699029126213592,0.219048180519171,ProjE
150,150,120,30,0.8,0.218975928531057,distmult
152,152,121,30,0.796052631578947,0.21895555996144,distmult
153,153,123,30,0.803921568627451,0.218944249309907,distmult
149,149,120,29,0.805369127516778,0.21883729168351,distmult
242,242,160,34,0.661157024793388,0.218819425093803,transd
187,187,145,38,0.775401069518717,0.218785349560493,TransE
243,243,157,34,0.646090534979424,0.21873905272045,distmult
150,150,117,32,0.78,0.218716810926913,ProjE
156,156,121,32,0.775641025641026,0.218676389870082,ProjE
133,133,106,27,0.796992481203007,0.218635203202898,ProjE
202,202,143,34,0.707920792079208,0.218515930441476,ProjE
173,173,133,31,0.76878612716763,0.218461922962212,ProjE
245,245,159,36,0.648979591836735,0.218394728014172,transd
129,129,105,24,0.813953488372093,0.218355190955011,ProjE
235,235,156,36,0.663829787234042,0.218058554815916,transd
151,151,121,30,0.801324503311258,0.217855152168588,distmult
168,168,133,32,0.791666666666667,0.217797163107998,transd
213,213,154,44,0.723004694835681,0.217526118849899,TransE
128,128,104,24,0.8125,0.21739339594053,ProjE
239,239,158,35,0.661087866108787,0.217386700843745,transd
175,175,135,30,0.771428571428571,0.21735807456961,ProjE
174,174,133,31,0.764367816091954,0.217342806970737,ProjE
244,244,156,34,0.639344262295082,0.217338007255269,distmult
245,245,157,34,0.640816326530612,0.217295551434464,distmult
265,265,162,32,0.611320754716981,0.217176486840875,distmult
140,140,107,32,0.764285714285714,0.217147454644738,distmult
121,121,97,24,0.801652892561983,0.217038635118499,ProjE
231,231,155,34,0.670995670995671,0.21703630200335,ProjE
241,241,160,34,0.663900414937759,0.217020947094405,transd
155,155,120,32,0.774193548387097,0.217003408982267,ProjE
190,190,148,41,0.778947368421053,0.216767963981254,TransE
237,237,157,36,0.662447257383966,0.216667076026199,transd
236,236,156,36,0.661016949152542,0.216614749377898,transd
229,229,154,36,0.672489082969432,0.216588872968242,transd
119,119,96,23,0.80672268907563,0.216426568335342,ProjE
248,248,157,34,0.633064516129032,0.216420659096372,distmult
86,86,72,14,0.837209302325581,0.216382535656577,ProjE
207,207,153,45,0.739130434782609,0.216216499751232,TransE
232,232,155,34,0.668103448275862,0.216099395568024,ProjE
233,233,155,34,0.665236051502146,0.216001745955817,ProjE
246,246,159,37,0.646341463414634,0.21589130253263,transd
230,230,155,36,0.673913043478261,0.215852603701677,transd
139,139,106,32,0.762589928057554,0.215804876205314,distmult
228,228,155,37,0.679824561403509,0.215799034058252,transd
246,246,157,34,0.638211382113821,0.215769749663619,distmult
208,208,153,44,0.735576923076923,0.215716177155661,TransE
264,264,159,35,0.602272727272727,0.215715044265039,transd
266,266,162,32,0.609022556390977,0.215525602204192,distmult
130,130,103,27,0.792307692307692,0.21537916427389,TransE
230,230,155,34,0.673913043478261,0.215190049735071,ProjE
262,262,160,33,0.610687022900763,0.215168056037358,distmult
258,258,159,37,0.616279069767442,0.215155201499618,transd
127,127,100,27,0.78740157480315,0.215045099374549,TransE
255,255,157,35,0.615686274509804,0.215035334999596,distmult
109,109,88,21,0.807339449541284,0.215021798137669,ProjE
256,256,160,34,0.625,0.214999407696178,distmult
231,231,155,36,0.670995670995671,0.214998091310946,transd
257,257,160,33,0.622568093385214,0.214985455428379,distmult
247,247,157,34,0.635627530364372,0.21490548918663,distmult
200,200,151,44,0.755,0.21486350104005,TransE
209,209,153,44,0.732057416267943,0.214803837720729,TransE
257,257,161,35,0.626459143968872,0.214734350421359,ProjE
267,267,162,32,0.606741573033708,0.214622109811385,distmult
260,260,160,33,0.615384615384615,0.214558878300561,distmult
209,209,148,34,0.708133971291866,0.214431340731004,ProjE
123,123,98,25,0.796747967479675,0.214416130669661,ProjE
199,199,150,44,0.753768844221106,0.214394901059453,TransE
258,258,161,35,0.624031007751938,0.214351740766416,ProjE
211,211,149,34,0.706161137440758,0.214219730408493,ProjE
258,258,160,33,0.62015503875969,0.214218615953067,distmult
158,158,123,32,0.778481012658228,0.214086594587384,ProjE
127,127,100,27,0.78740157480315,0.214062358830219,ProjE
223,223,156,42,0.699551569506726,0.214029837244745,TransE
221,221,156,43,0.705882352941176,0.213978669788086,TransE
110,110,89,21,0.809090909090909,0.213949039312306,ProjE
259,259,161,35,0.621621621621622,0.213872153304214,ProjE
104,104,85,19,0.817307692307692,0.213731698117665,ProjE
178,178,142,35,0.797752808988764,0.213697715096862,TransE
210,210,154,44,0.733333333333333,0.213680314562146,TransE
193,193,149,34,0.772020725388601,0.213551964600313,transd
260,260,159,36,0.611538461538462,0.213524749652331,transd
252,252,159,37,0.630952380952381,0.213445849258283,transd
206,206,153,45,0.742718446601942,0.213441298518087,TransE
222,222,156,43,0.702702702702703,0.213246316954113,TransE
224,224,156,42,0.696428571428571,0.213126270516993,TransE
227,227,155,37,0.682819383259912,0.213124911379155,transd
253,253,159,37,0.628458498023715,0.212973167914402,transd
247,247,159,37,0.643724696356275,0.212871413228998,transd
231,231,157,41,0.67965367965368,0.212734235631915,TransE
176,176,139,33,0.789772727272727,0.212708064496704,transd
175,175,138,33,0.788571428571429,0.21270644583768,transd
212,212,148,35,0.69811320754717,0.212698505633434,ProjE
255,255,159,37,0.623529411764706,0.212649685993104,transd
128,128,101,27,0.7890625,0.212592446327179,TransE
158,158,128,30,0.810126582278481,0.212568580778864,distmult
270,270,162,32,0.6,0.212517923867256,distmult
147,147,119,28,0.80952380952381,0.212496924179093,TransE
177,177,140,33,0.790960451977401,0.212395859209016,transd
249,249,159,37,0.63855421686747,0.212378879461178,transd
256,256,159,37,0.62109375,0.212356664688409,transd
148,148,119,29,0.804054054054054,0.212312807062375,TransE
194,194,147,44,0.757731958762887,0.212256950849683,TransE
261,261,161,32,0.616858237547893,0.212245542386838,distmult
254,254,159,37,0.625984251968504,0.212163983423883,transd
122,122,97,25,0.795081967213115,0.212115931259429,ProjE
213,213,148,35,0.694835680751174,0.212090464057022,ProjE
262,262,160,35,0.610687022900763,0.212022442044542,ProjE
248,248,159,37,0.641129032258065,0.21196164279968,transd
271,271,163,31,0.601476014760148,0.211924969116481,distmult
232,232,157,41,0.676724137931034,0.211875792541833,TransE
111,111,91,20,0.81981981981982,0.211772219639344,ProjE
234,234,155,35,0.662393162393162,0.211646216543318,ProjE
238,238,157,37,0.659663865546218,0.211615044961453,transd
174,174,137,33,0.78735632183908,0.211593108647389,transd
157,157,122,32,0.777070063694268,0.211524261479139,ProjE
250,250,159,37,0.636,0.211490275966075,transd
193,193,147,44,0.761658031088083,0.211474310821208,TransE
191,191,146,44,0.764397905759162,0.211439739226048,TransE
270,270,160,35,0.592592592592593,0.211404695436292,transd
263,263,160,35,0.608365019011407,0.211369021527942,ProjE
245,245,156,36,0.636734693877551,0.211311702133652,ProjE
124,124,98,26,0.790322580645161,0.211208883350998,ProjE
272,272,163,31,0.599264705882353,0.211164661492278,distmult
263,263,160,33,0.608365019011407,0.211050225355295,distmult
195,195,147,44,0.753846153846154,0.210959998285923,TransE
257,257,159,37,0.618677042801556,0.210891371109099,transd
233,233,157,41,0.67381974248927,0.210888628979287,TransE
235,235,155,36,0.659574468085106,0.210884165315834,ProjE
197,197,148,44,0.751269035532995,0.210875767425051,TransE
230,230,157,40,0.682608695652174,0.210820117165656,TransE
273,273,163,31,0.597069597069597,0.210818710462098,distmult
114,114,93,21,0.81578947368421,0.210803274379288,ProjE
247,247,158,37,0.639676113360324,0.21077966782775,ProjE
234,234,158,40,0.675213675213675,0.210776880195328,TransE
101,101,83,18,0.821782178217822,0.210707581112467,ProjE
249,249,157,35,0.630522088353414,0.210635078143191,distmult
271,271,160,35,0.590405904059041,0.210622481940397,transd
266,266,160,34,0.601503759398496,0.210562315450999,transd
112,112,92,20,0.821428571428571,0.210527635598977,ProjE
198,198,149,44,0.752525252525252,0.210502834826801,TransE
272,272,160,35,0.588235294117647,0.210436482570241,transd
115,115,93,22,0.808695652173913,0.21041124363329,ProjE
192,192,146,44,0.760416666666667,0.21037796567081,TransE
173,173,136,33,0.786127167630058,0.210374603312251,transd
171,171,135,32,0.789473684210526,0.210359027269765,transd
262,262,160,35,0.610687022900763,0.210325318310431,transd
269,269,160,35,0.594795539033457,0.210321844945014,transd
216,216,155,42,0.717592592592593,0.210210628111034,TransE
264,264,160,33,0.606060606060606,0.210153418188512,distmult
246,246,158,37,0.642276422764228,0.210048488601899,ProjE
274,274,163,31,0.594890510948905,0.210045586601694,distmult
251,251,159,37,0.633466135458167,0.21001799724034,transd
235,235,158,40,0.672340425531915,0.209929913946794,TransE
268,268,159,34,0.593283582089552,0.209877455334899,distmult
159,159,128,31,0.80503144654088,0.209834171446154,distmult
252,252,157,35,0.623015873015873,0.209803002687019,distmult
229,229,157,41,0.685589519650655,0.209773555559173,TransE
267,267,160,34,0.599250936329588,0.209766976194096,transd
250,250,157,35,0.628,0.209765143387038,distmult
240,240,157,37,0.654166666666667,0.209748035368147,transd
236,236,155,36,0.656779661016949,0.209707214170625,ProjE
240,240,156,36,0.65,0.209637879705566,ProjE
273,273,160,35,0.586080586080586,0.209624290767801,transd
105,105,86,19,0.819047619047619,0.209541122490519,ProjE
240,240,157,40,0.654166666666667,0.209466885081863,TransE
232,232,155,36,0.668103448275862,0.209355275128592,transd
251,251,157,35,0.625498007968128,0.209277481686947,distmult
217,217,155,42,0.714285714285714,0.209273134622169,TransE
102,102,84,18,0.823529411764706,0.209190896260365,ProjE
148,148,118,30,0.797297297297297,0.20917798089934,transd
142,142,114,28,0.802816901408451,0.209176431586243,TransE
242,242,156,38,0.644628099173554,0.209020451946083,ProjE
170,170,134,32,0.788235294117647,0.20900488434014,transd
172,172,135,33,0.784883720930232,0.20897070784698,transd
253,253,157,35,0.620553359683794,0.208966052861534,distmult
242,242,158,39,0.652892561983471,0.208913778641621,TransE
263,263,160,35,0.608365019011407,0.208844542384564,transd
281,281,163,31,0.580071174377224,0.20871276958678,distmult
259,259,159,34,0.613899613899614,0.208708834067059,distmult
241,241,157,40,0.651452282157676,0.208651398757208,TransE
249,249,157,35,0.630522088353414,0.208634407305125,ProjE
244,244,157,35,0.64344262295082,0.208576414677132,ProjE
266,266,160,35,0.601503759398496,0.208522063915215,ProjE
254,254,157,35,0.618110236220472,0.208500411652032,distmult
275,275,163,31,0.592727272727273,0.208474661463082,distmult
282,282,163,31,0.578014184397163,0.208404057460947,distmult
151,151,121,30,0.801324503311258,0.208390432097032,TransE
233,233,155,36,0.665236051502146,0.208380515758643,transd
243,243,158,39,0.650205761316872,0.208154054894268,TransE
265,265,158,36,0.59622641509434,0.208090441583775,transd
234,234,155,36,0.662393162393162,0.208066889194377,transd
113,113,92,21,0.814159292035398,0.208024698897357,ProjE
220,220,157,41,0.713636363636364,0.207824940862675,TransE
236,236,157,41,0.665254237288136,0.207706962566739,TransE
218,218,157,41,0.720183486238532,0.207665573215049,TransE
283,283,163,31,0.575971731448763,0.207660967393735,distmult
276,276,163,31,0.590579710144927,0.207626177665479,distmult
147,147,117,30,0.795918367346939,0.207450016703158,transd
244,244,158,39,0.647540983606557,0.207244472271263,TransE
169,169,131,36,0.775147928994083,0.20720590834018,transd
284,284,163,31,0.573943661971831,0.207183786818432,distmult
219,219,157,41,0.71689497716895,0.207106638966101,TransE
136,136,107,29,0.786764705882353,0.20695036900925,distmult
248,248,157,37,0.633064516129032,0.206941558043372,ProjE
285,285,163,31,0.571929824561404,0.206911117196464,distmult
269,269,161,33,0.598513011152416,0.206877766205879,distmult
277,277,162,32,0.584837545126354,0.2066969633253,distmult
103,103,84,19,0.815533980582524,0.20668248321626,ProjE
287,287,163,31,0.56794425087108,0.206611848234145,distmult
238,238,156,36,0.65546218487395,0.206601342068112,ProjE
255,255,161,35,0.631372549019608,0.206569230569966,ProjE
237,237,157,41,0.662447257383966,0.206423695490502,TransE
278,278,162,32,0.58273381294964,0.206391060400036,distmult
100,100,82,18,0.82,0.206321889696003,ProjE
238,238,157,41,0.659663865546218,0.206315258658833,TransE
289,289,163,31,0.56401384083045,0.20630823755682,distmult
239,239,156,36,0.652719665271967,0.206301437121451,ProjE
281,281,163,32,0.580071174377224,0.206289443697382,ProjE
187,187,136,33,0.727272727272727,0.206199295829538,ProjE
99,99,82,17,0.828282828282828,0.206187548342728,ProjE
288,288,163,31,0.565972222222222,0.206144937941692,distmult
261,261,160,35,0.613026819923372,0.20610832867996,transd
279,279,163,31,0.584229390681003,0.20607770275003,distmult
268,268,160,34,0.597014925373134,0.20607108228237,transd
222,222,150,37,0.675675675675676,0.206023293805959,ProjE
286,286,163,31,0.56993006993007,0.205972204287532,distmult
141,141,114,27,0.808510638297872,0.205967445196719,TransE
125,125,98,27,0.784,0.205950257005729,ProjE
239,239,157,40,0.656903765690377,0.205925584030191,TransE
117,117,93,24,0.794871794871795,0.205835020247505,ProjE
256,256,161,35,0.62890625,0.205725982185228,ProjE
290,290,163,31,0.562068965517241,0.205630307960309,distmult
237,237,155,37,0.654008438818565,0.205472639198132,ProjE
132,132,103,29,0.78030303030303,0.205450509391357,distmult
214,214,148,36,0.691588785046729,0.205335653428069,ProjE
291,291,163,31,0.560137457044673,0.205335088334042,distmult
280,280,163,31,0.582142857142857,0.20532555468592,distmult
140,140,113,27,0.807142857142857,0.205320540019015,TransE
275,275,160,35,0.581818181818182,0.205165618885432,transd
98,98,81,17,0.826530612244898,0.205138465501988,ProjE
250,250,157,36,0.628,0.20512848838813,ProjE
126,126,99,27,0.785714285714286,0.20489092062742,ProjE
135,135,106,29,0.785185185185185,0.204869359123361,distmult
217,217,148,36,0.682027649769585,0.204788624663199,ProjE
276,276,160,35,0.579710144927536,0.20478210328537,transd
269,269,160,35,0.594795539033457,0.204752814520076,ProjE
251,251,157,37,0.625498007968128,0.204707232036122,ProjE
259,259,160,35,0.617760617760618,0.20464553117161,transd
134,134,105,29,0.783582089552239,0.204407546323712,distmult
283,283,163,32,0.575971731448763,0.204367888766497,ProjE
164,164,131,32,0.798780487804878,0.204361924923347,transd
292,292,163,32,0.558219178082192,0.204327612188897,distmult
215,215,148,36,0.688372093023256,0.204186301683126,ProjE
274,274,160,35,0.583941605839416,0.20407975808724,transd
295,295,164,31,0.55593220338983,0.204000818343812,distmult
95,95,79,16,0.831578947368421,0.203995628901607,ProjE
270,270,160,35,0.592592592592593,0.203864672128536,ProjE
293,293,163,32,0.556313993174061,0.203663383664595,distmult
241,241,155,38,0.643153526970954,0.203568644446285,ProjE
286,286,163,33,0.56993006993007,0.203523124134325,ProjE
296,296,164,31,0.554054054054054,0.203501344483865,distmult
271,271,160,35,0.590405904059041,0.203420484971586,ProjE
156,156,124,31,0.794871794871795,0.203382254073813,transd
93,93,77,16,0.827956989247312,0.203345611215479,ProjE
138,138,108,30,0.782608695652174,0.203299443551762,distmult
284,284,162,33,0.570422535211268,0.203283461032256,ProjE
216,216,148,36,0.685185185185185,0.203245192350462,ProjE
277,277,160,35,0.577617328519856,0.203241522311355,transd
137,137,107,30,0.781021897810219,0.203171844442393,distmult
248,248,159,37,0.641129032258065,0.203155620877909,TransE
278,278,161,34,0.579136690647482,0.203134200390999,ProjE
290,290,164,32,0.56551724137931,0.203103058663814,transd
294,294,163,32,0.554421768707483,0.202998146425309,distmult
288,288,163,33,0.565972222222222,0.202983788476863,transd
287,287,163,33,0.56794425087108,0.202975923069804,ProjE
94,94,78,16,0.829787234042553,0.202928708959835,ProjE
292,292,163,33,0.558219178082192,0.20291729284352,ProjE
280,280,160,34,0.571428571428571,0.202900299542188,transd
247,247,158,38,0.639676113360324,0.202876302214317,TransE
221,221,149,36,0.67420814479638,0.202826178547464,ProjE
252,252,159,37,0.630952380952381,0.202756646990559,TransE
278,278,160,35,0.575539568345324,0.202745122165609,transd
297,297,164,32,0.552188552188552,0.202724056698783,ProjE
285,285,162,33,0.568421052631579,0.202632137413514,ProjE
272,272,160,35,0.588235294117647,0.202603410600052,ProjE
293,293,165,32,0.563139931740614,0.202573419444914,ProjE
297,297,164,31,0.552188552188552,0.202565581275881,distmult
280,280,162,34,0.578571428571429,0.202560946126569,ProjE
252,252,157,38,0.623015873015873,0.202495719756449,ProjE
157,157,124,32,0.789808917197452,0.202400346458648,transd
249,249,159,37,0.63855421686747,0.202398980990541,TransE
279,279,161,34,0.577060931899642,0.202209359092185,ProjE
298,298,164,31,0.550335570469799,0.202161837610647,distmult
288,288,163,33,0.565972222222222,0.2021396754104,ProjE
279,279,160,35,0.57347670250896,0.202126278826267,transd
253,253,159,37,0.628458498023715,0.202102618442079,TransE
296,296,164,32,0.554054054054054,0.202096342247216,ProjE
152,152,121,31,0.796052631578947,0.202050894978319,TransE
245,245,158,39,0.644897959183673,0.20201038712902,TransE
287,287,162,34,0.564459930313589,0.20195311748764,transd
291,291,163,33,0.560137457044673,0.201911803484378,ProjE
295,295,164,32,0.55593220338983,0.201857641254057,ProjE
253,253,157,38,0.620553359683794,0.201734153320242,ProjE
103,103,79,24,0.766990291262136,0.201673005645181,distmult
299,299,164,31,0.548494983277592,0.201611804415685,distmult
250,250,159,37,0.636,0.201605309933833,TransE
289,289,163,33,0.56401384083045,0.201578850835015,ProjE
130,130,100,29,0.769230769230769,0.201557097304724,distmult
289,289,163,33,0.56401384083045,0.201547779940962,transd
299,299,164,32,0.548494983277592,0.201529448916259,ProjE
294,294,164,32,0.557823129251701,0.201501909888007,ProjE
300,300,164,31,0.546666666666667,0.201497132820602,ProjE
298,298,164,32,0.550335570469799,0.201476203310551,ProjE
292,292,163,32,0.558219178082192,0.201464650291183,transd
254,254,159,37,0.625984251968504,0.201332099146559,TransE
264,264,158,37,0.598484848484848,0.201317777317138,ProjE
295,295,164,32,0.55593220338983,0.201297985840676,TransE
301,301,165,30,0.548172757475083,0.201247681505195,distmult
246,246,158,39,0.642276422764228,0.201244391403833,TransE
268,268,161,34,0.600746268656716,0.201209850816978,TransE
292,292,163,32,0.558219178082192,0.201187468412092,TransE
290,290,163,33,0.562068965517241,0.201171479286439,ProjE
296,296,165,30,0.557432432432432,0.201159869112565,transd
160,160,127,33,0.79375,0.201146706642791,TransE
151,151,120,31,0.794701986754967,0.201142232034148,transd
155,155,124,31,0.8,0.201092676507937,transd
273,273,160,35,0.586080586080586,0.201034460910396,ProjE
254,254,157,38,0.618110236220472,0.200989518697496,ProjE
300,300,164,31,0.546666666666667,0.200917266864733,distmult
267,267,161,35,0.602996254681648,0.200884889128579,TransE
223,223,151,36,0.677130044843049,0.200881799560618,ProjE
219,219,148,36,0.675799086757991,0.20087224809705,ProjE
255,255,159,37,0.623529411764706,0.200793326310934,TransE
301,301,164,31,0.54485049833887,0.200786080327966,TransE
281,281,160,35,0.569395017793594,0.200780600774901,transd
225,225,152,36,0.675555555555556,0.200698926773499,ProjE
269,269,161,34,0.598513011152416,0.200694532992426,TransE
293,293,163,32,0.556313993174061,0.200671857103182,TransE
296,296,164,32,0.554054054054054,0.200646254593541,TransE
251,251,159,37,0.633466135458167,0.200552210666061,TransE
301,301,164,31,0.54485049833887,0.200552069477258,ProjE
286,286,161,34,0.562937062937063,0.200522846377603,transd
302,302,165,30,0.54635761589404,0.200519043641322,distmult
220,220,148,36,0.672727272727273,0.200470684890608,ProjE
282,282,162,34,0.574468085106383,0.200458276073116,ProjE
302,302,164,30,0.543046357615894,0.200441703185919,ProjE
302,302,164,31,0.543046357615894,0.200128833081341,TransE
274,274,159,36,0.58029197080292,0.200117387720176,ProjE
159,159,122,33,0.767295597484277,0.20008289823662,ProjE
297,297,165,30,0.555555555555556,0.20005070267785,transd
294,294,163,32,0.554421768707483,0.200022711144498,TransE
270,270,161,34,0.596296296296296,0.200014630443048,TransE
224,224,151,36,0.674107142857143,0.199985575631426,ProjE
303,303,164,30,0.541254125412541,0.199984382415091,ProjE
256,256,159,37,0.62109375,0.199888310395004,TransE
297,297,164,32,0.552188552188552,0.199872706681718,TransE
303,303,165,30,0.544554455445545,0.199834989170988,distmult
271,271,161,34,0.59409594095941,0.199695139691536,TransE
295,295,164,31,0.55593220338983,0.199629636094072,transd
225,225,156,42,0.693333333333333,0.199594590000242,TransE
303,303,164,30,0.541254125412541,0.199589778524398,TransE
303,303,164,30,0.541254125412541,0.199551224771814,transd
160,160,123,33,0.76875,0.199438788678209,ProjE
298,298,165,30,0.553691275167785,0.199413063983512,transd
257,257,159,37,0.618677042801556,0.199337605409399,TransE
282,282,160,35,0.567375886524823,0.199323886474356,transd
275,275,159,36,0.578181818181818,0.199321238149974,ProjE
299,299,165,30,0.551839464882943,0.199028262011893,transd
272,272,161,34,0.591911764705882,0.199026408791413,TransE
309,304,164,30,0.539473684210526,0.199018825717686,ProjE
316,304,164,30,0.539473684210526,0.199018825717686,ProjE
326,304,164,30,0.539473684210526,0.199018825717686,ProjE
315,304,164,30,0.539473684210526,0.199018825717686,ProjE
327,304,164,30,0.539473684210526,0.199018825717686,ProjE
320,304,164,30,0.539473684210526,0.199018825717686,ProjE
314,304,164,30,0.539473684210526,0.199018825717686,ProjE
313,304,164,30,0.539473684210526,0.199018825717686,ProjE
318,304,164,30,0.539473684210526,0.199018825717686,ProjE
328,304,164,30,0.539473684210526,0.199018825717686,ProjE
323,304,164,30,0.539473684210526,0.199018825717686,ProjE
317,304,164,30,0.539473684210526,0.199018825717686,ProjE
306,304,164,30,0.539473684210526,0.199018825717686,ProjE
311,304,164,30,0.539473684210526,0.199018825717686,ProjE
324,304,164,30,0.539473684210526,0.199018825717686,ProjE
322,304,164,30,0.539473684210526,0.199018825717686,ProjE
310,304,164,30,0.539473684210526,0.199018825717686,ProjE
319,304,164,30,0.539473684210526,0.199018825717686,ProjE
307,304,164,30,0.539473684210526,0.199018825717686,ProjE
321,304,164,30,0.539473684210526,0.199018825717686,ProjE
305,304,164,30,0.539473684210526,0.199018825717686,ProjE
308,304,164,30,0.539473684210526,0.199018825717686,ProjE
329,304,164,30,0.539473684210526,0.199018825717686,ProjE
312,304,164,30,0.539473684210526,0.199018825717686,ProjE
325,304,164,30,0.539473684210526,0.199018825717686,ProjE
304,304,164,30,0.539473684210526,0.199018825717686,ProjE
309,304,164,30,0.539473684210526,0.199018825717686,transd
316,304,164,30,0.539473684210526,0.199018825717686,transd
326,304,164,30,0.539473684210526,0.199018825717686,transd
315,304,164,30,0.539473684210526,0.199018825717686,transd
327,304,164,30,0.539473684210526,0.199018825717686,transd
320,304,164,30,0.539473684210526,0.199018825717686,transd
314,304,164,30,0.539473684210526,0.199018825717686,transd
313,304,164,30,0.539473684210526,0.199018825717686,transd
318,304,164,30,0.539473684210526,0.199018825717686,transd
328,304,164,30,0.539473684210526,0.199018825717686,transd
323,304,164,30,0.539473684210526,0.199018825717686,transd
317,304,164,30,0.539473684210526,0.199018825717686,transd
306,304,164,30,0.539473684210526,0.199018825717686,transd
311,304,164,30,0.539473684210526,0.199018825717686,transd
324,304,164,30,0.539473684210526,0.199018825717686,transd
322,304,164,30,0.539473684210526,0.199018825717686,transd
310,304,164,30,0.539473684210526,0.199018825717686,transd
319,304,164,30,0.539473684210526,0.199018825717686,transd
307,304,164,30,0.539473684210526,0.199018825717686,transd
321,304,164,30,0.539473684210526,0.199018825717686,transd
305,304,164,30,0.539473684210526,0.199018825717686,transd
308,304,164,30,0.539473684210526,0.199018825717686,transd
329,304,164,30,0.539473684210526,0.199018825717686,transd
312,304,164,30,0.539473684210526,0.199018825717686,transd
325,304,164,30,0.539473684210526,0.199018825717686,transd
304,304,164,30,0.539473684210526,0.199018825717686,transd
304,304,164,30,0.539473684210526,0.199018825717686,TransE
305,304,164,30,0.539473684210526,0.199018825717686,TransE
306,304,164,30,0.539473684210526,0.199018825717686,TransE
307,304,164,30,0.539473684210526,0.199018825717686,TransE
308,304,164,30,0.539473684210526,0.199018825717686,TransE
309,304,164,30,0.539473684210526,0.199018825717686,TransE
310,304,164,30,0.539473684210526,0.199018825717686,TransE
311,304,164,30,0.539473684210526,0.199018825717686,TransE
312,304,164,30,0.539473684210526,0.199018825717686,TransE
313,304,164,30,0.539473684210526,0.199018825717686,TransE
314,304,164,30,0.539473684210526,0.199018825717686,TransE
315,304,164,30,0.539473684210526,0.199018825717686,TransE
316,304,164,30,0.539473684210526,0.199018825717686,TransE
317,304,164,30,0.539473684210526,0.199018825717686,TransE
318,304,164,30,0.539473684210526,0.199018825717686,TransE
319,304,164,30,0.539473684210526,0.199018825717686,TransE
320,304,164,30,0.539473684210526,0.199018825717686,TransE
321,304,164,30,0.539473684210526,0.199018825717686,TransE
322,304,164,30,0.539473684210526,0.199018825717686,TransE
323,304,164,30,0.539473684210526,0.199018825717686,TransE
324,304,164,30,0.539473684210526,0.199018825717686,TransE
325,304,164,30,0.539473684210526,0.199018825717686,TransE
326,304,164,30,0.539473684210526,0.199018825717686,TransE
327,304,164,30,0.539473684210526,0.199018825717686,TransE
328,304,164,30,0.539473684210526,0.199018825717686,TransE
329,304,164,30,0.539473684210526,0.199018825717686,TransE
309,304,164,30,0.539473684210526,0.199018825717686,distmult
316,304,164,30,0.539473684210526,0.199018825717686,distmult
326,304,164,30,0.539473684210526,0.199018825717686,distmult
315,304,164,30,0.539473684210526,0.199018825717686,distmult
327,304,164,30,0.539473684210526,0.199018825717686,distmult
320,304,164,30,0.539473684210526,0.199018825717686,distmult
314,304,164,30,0.539473684210526,0.199018825717686,distmult
313,304,164,30,0.539473684210526,0.199018825717686,distmult
318,304,164,30,0.539473684210526,0.199018825717686,distmult
328,304,164,30,0.539473684210526,0.199018825717686,distmult
323,304,164,30,0.539473684210526,0.199018825717686,distmult
317,304,164,30,0.539473684210526,0.199018825717686,distmult
306,304,164,30,0.539473684210526,0.199018825717686,distmult
311,304,164,30,0.539473684210526,0.199018825717686,distmult
324,304,164,30,0.539473684210526,0.199018825717686,distmult
322,304,164,30,0.539473684210526,0.199018825717686,distmult
310,304,164,30,0.539473684210526,0.199018825717686,distmult
319,304,164,30,0.539473684210526,0.199018825717686,distmult
307,304,164,30,0.539473684210526,0.199018825717686,distmult
321,304,164,30,0.539473684210526,0.199018825717686,distmult
305,304,164,30,0.539473684210526,0.199018825717686,distmult
308,304,164,30,0.539473684210526,0.199018825717686,distmult
329,304,164,30,0.539473684210526,0.199018825717686,distmult
312,304,164,30,0.539473684210526,0.199018825717686,distmult
325,304,164,30,0.539473684210526,0.199018825717686,distmult
304,304,164,30,0.539473684210526,0.199018825717686,distmult
294,294,164,31,0.557823129251701,0.198945326423585,transd
136,136,108,28,0.794117647058823,0.198927583805904,ProjE
293,293,164,31,0.559726962457338,0.198840074729544,transd
300,300,165,30,0.55,0.198778714596854,transd
300,300,163,32,0.543333333333333,0.198585263930129,TransE
298,298,163,32,0.546979865771812,0.198533025065856,TransE
283,283,160,35,0.565371024734982,0.19852714626078,transd
258,258,159,37,0.616279069767442,0.198511552267816,TransE
260,260,158,36,0.607692307692308,0.198493285411225,ProjE
226,226,156,42,0.690265486725664,0.198462191230145,TransE
274,274,162,33,0.591240875912409,0.198400343864411,TransE
276,276,159,36,0.576086956521739,0.198200571948545,ProjE
138,138,110,28,0.797101449275362,0.198118821258979,TransE
226,226,153,36,0.676991150442478,0.198110927663894,ProjE
273,273,161,34,0.58974358974359,0.198058457215162,TransE
284,284,160,35,0.563380281690141,0.198057833357728,transd
291,291,163,32,0.560137457044673,0.197960000280533,transd
301,301,164,30,0.54485049833887,0.197957925841938,transd
288,288,163,32,0.565972222222222,0.19794447590244,TransE
277,277,159,36,0.574007220216607,0.197923739008906,ProjE
260,260,160,36,0.615384615384615,0.197870328211655,TransE
299,299,163,32,0.545150501672241,0.19786577531644,TransE
285,285,160,35,0.56140350877193,0.197711368374958,transd
265,265,160,35,0.60377358490566,0.197645054096807,ProjE
264,264,160,35,0.606060606060606,0.197489418500426,TransE
208,208,145,35,0.697115384615385,0.197416352816057,ProjE
291,291,163,32,0.560137457044673,0.197373818434597,TransE
133,133,101,31,0.759398496240602,0.19734597776931,distmult
227,227,153,36,0.674008810572687,0.197324706471282,ProjE
302,302,164,30,0.543046357615894,0.197292559034562,transd
150,150,120,30,0.8,0.197225724975766,TransE
90,90,75,15,0.833333333333333,0.197129074267248,ProjE
148,148,116,29,0.783783783783784,0.197094271235797,ProjE
275,275,162,33,0.589090909090909,0.196866671405966,TransE
267,267,160,35,0.599250936329588,0.196812939967241,ProjE
261,261,159,36,0.609195402298851,0.196764248416458,TransE
259,259,159,37,0.613899613899614,0.196674686082543,TransE
127,127,99,27,0.779527559055118,0.19666356675068,distmult
265,265,160,35,0.60377358490566,0.196627606550737,TransE
BASELINE,320,167,28,0.521875,0.196593283994864,TransE
BASELINE,320,167,28,0.521875,0.196593283994864,distmult
BASELINE,320,167,28,0.521875,0.196593283994864,transd
BASELINE,320,167,28,0.521875,0.196593283994864,ProjE
276,276,162,33,0.58695652173913,0.19619149089019,TransE
101,101,78,23,0.772277227722772,0.196056211825221,distmult
139,139,111,28,0.798561151079137,0.195936501779589,TransE
266,266,160,35,0.601503759398496,0.195859345894534,TransE
289,289,163,33,0.56401384083045,0.195856256740135,TransE
137,137,109,28,0.795620437956204,0.195801728750856,TransE
261,261,158,37,0.605363984674329,0.195655795136557,ProjE
277,277,162,33,0.584837545126354,0.19547921869169,TransE
268,268,160,35,0.597014925373134,0.195418638415891,ProjE
207,207,144,35,0.695652173913043,0.195368377487996,ProjE
131,131,104,27,0.793893129770992,0.195359469649948,TransE
228,228,156,42,0.68421052631579,0.19496025446798,TransE
262,262,159,36,0.606870229007633,0.19495508414877,TransE
135,135,108,27,0.8,0.194895323630628,transd
285,285,162,33,0.568421052631579,0.194705789352054,TransE
290,290,163,32,0.562068965517241,0.194579500683734,TransE
263,263,159,36,0.604562737642585,0.194461879577078,TransE
286,286,162,33,0.566433566433566,0.194445013525697,TransE
102,102,78,24,0.764705882352941,0.19393058763056,distmult
284,284,162,33,0.570422535211268,0.19375453032697,TransE
85,85,71,14,0.835294117647059,0.193672117521456,ProjE
104,104,79,25,0.759615384615385,0.193638852382923,distmult
83,83,69,14,0.831325301204819,0.193562451036614,ProjE
129,129,99,29,0.767441860465116,0.193460269590445,distmult
100,100,77,23,0.77,0.193402453314063,distmult
149,149,120,29,0.805369127516778,0.193310591295401,TransE
287,287,162,33,0.564459930313589,0.193276787549848,TransE
279,279,162,33,0.580645161290323,0.193155505024547,TransE
131,131,101,29,0.770992366412214,0.19307281774523,distmult
89,89,73,16,0.820224719101124,0.192981568909038,ProjE
136,136,108,28,0.794117647058823,0.192640105480073,TransE
122,122,96,25,0.786885245901639,0.192127597745482,distmult
117,117,94,23,0.803418803418803,0.192035647748016,TransE
126,126,99,26,0.785714285714286,0.191797094433219,distmult
281,281,162,33,0.576512455516014,0.191672825826335,TransE
280,280,162,33,0.578571428571429,0.19162632545547,TransE
147,147,115,29,0.782312925170068,0.191418467482377,ProjE
283,283,162,33,0.57243816254417,0.191338458834426,TransE
135,135,107,28,0.792592592592593,0.191247171592459,TransE
282,282,162,33,0.574468085106383,0.19099609876644,TransE
121,121,95,25,0.785123966942149,0.190963466794362,distmult
91,91,76,15,0.835164835164835,0.190746498799299,ProjE
128,128,99,28,0.7734375,0.190197018078738,distmult
102,102,80,22,0.784313725490196,0.189956819894885,TransE
132,132,105,27,0.795454545454545,0.189876301461153,TransE
227,227,156,42,0.687224669603524,0.189657158100236,TransE
96,96,81,15,0.84375,0.189541100461581,ProjE
161,161,130,30,0.807453416149068,0.189477340393764,transd
103,103,81,22,0.786407766990291,0.18942174520462,TransE
145,145,115,28,0.793103448275862,0.18881765661254,ProjE
278,278,161,33,0.579136690647482,0.18824437967915,TransE
129,129,100,29,0.775193798449612,0.188178183655774,TransE
138,138,112,25,0.811594202898551,0.187841455985773,ProjE
146,146,115,28,0.787671232876712,0.187512128754722,ProjE
125,125,98,26,0.784,0.18742476863716,distmult
84,84,70,14,0.833333333333333,0.187314945362744,ProjE
113,113,86,27,0.761061946902655,0.186932137495622,distmult
126,126,99,27,0.785714285714286,0.186643422535969,TransE
120,120,94,25,0.783333333333333,0.186384137124494,distmult
118,118,94,24,0.796610169491525,0.186314063158637,TransE
119,119,93,25,0.781512605042017,0.186217622182628,distmult
88,88,72,16,0.818181818181818,0.185808168812398,ProjE
97,97,77,20,0.793814432989691,0.18568117119825,ProjE
136,136,108,28,0.794117647058823,0.185559572002841,transd
159,159,124,33,0.779874213836478,0.185352172985702,transd
92,92,76,16,0.826086956521739,0.185166997188512,ProjE
159,159,126,33,0.792452830188679,0.18514151217402,TransE
167,167,129,33,0.772455089820359,0.184401761575069,transd
158,158,124,33,0.784810126582278,0.184330459080625,transd
125,125,98,27,0.784,0.184012085957281,TransE
106,106,85,21,0.80188679245283,0.184000829233135,ProjE
118,118,91,26,0.771186440677966,0.183312275456781,distmult
166,166,128,33,0.771084337349398,0.182790659998179,transd
112,112,84,28,0.75,0.182354314776535,distmult
134,134,105,29,0.783582089552239,0.18229754684239,TransE
87,87,71,16,0.816091954022988,0.182125143088534,ProjE
158,158,125,33,0.791139240506329,0.182008773963902,TransE
129,129,104,25,0.806201550387597,0.181351494251875,transd
165,165,127,33,0.76969696969697,0.181148841411884,transd
166,166,126,32,0.759036144578313,0.180651484708703,ProjE
167,167,126,32,0.754491017964072,0.180293121557887,ProjE
92,92,71,21,0.771739130434783,0.179887972927378,TransE
162,162,126,34,0.777777777777778,0.179755351005945,transd
149,149,115,34,0.771812080536913,0.178637790617951,transd
156,156,122,34,0.782051282051282,0.17804112783472,TransE
168,168,126,32,0.75,0.177986609022806,ProjE
122,122,95,27,0.778688524590164,0.176651039947887,TransE
143,143,114,29,0.797202797202797,0.176551564995203,transd
123,123,96,27,0.780487804878049,0.176311146345039,TransE
124,124,97,27,0.782258064516129,0.176189184621829,TransE
114,114,86,28,0.754385964912281,0.176012390059047,distmult
133,133,105,28,0.789473684210526,0.175931687946439,TransE
134,134,108,25,0.805970149253731,0.175736409396028,ProjE
157,157,123,34,0.78343949044586,0.17554987325272,TransE
142,142,113,29,0.795774647887324,0.175548007897048,transd
141,141,112,29,0.794326241134752,0.175419541839276,transd
165,165,125,32,0.757575757575758,0.174753828841299,ProjE
99,99,76,23,0.767676767676768,0.174111111282263,distmult
128,128,102,26,0.796875,0.174104828996769,transd
140,140,111,29,0.792857142857143,0.174039257689292,transd
155,155,121,34,0.780645161290323,0.173561223437532,TransE
153,153,120,33,0.784313725490196,0.173405079602385,transd
139,139,111,28,0.798561151079137,0.173326538172569,transd
121,121,94,27,0.776859504132231,0.172730770548272,TransE
96,96,73,23,0.760416666666667,0.172581265505722,TransE
154,154,120,33,0.779220779220779,0.172315253239807,transd
124,124,97,26,0.782258064516129,0.171635533841693,distmult
93,93,71,22,0.763440860215054,0.171288110230782,TransE
154,154,122,32,0.792207792207792,0.170660579259302,TransE
117,117,90,26,0.769230769230769,0.170416140455048,distmult
137,137,108,29,0.788321167883212,0.170382063688384,transd
113,113,89,24,0.787610619469027,0.170361711776215,TransE
138,138,110,28,0.797101449275362,0.170200419325441,transd
160,160,124,34,0.775,0.170137745688317,transd
126,126,100,26,0.793650793650794,0.169700030184977,transd
153,153,121,32,0.790849673202614,0.169695471336888,TransE
127,127,101,26,0.795275590551181,0.169068721797891,transd
114,114,89,25,0.780701754385965,0.168575857470795,TransE
137,137,111,25,0.81021897810219,0.16837948158229,ProjE
123,123,96,26,0.780487804878049,0.168368940284674,distmult
120,120,93,27,0.775,0.168346175300879,TransE
101,101,78,23,0.772277227722772,0.168079404262786,TransE
119,119,92,27,0.773109243697479,0.167880798228772,TransE
152,152,119,33,0.782894736842105,0.167765903245188,transd
163,163,125,33,0.766871165644172,0.167304851409827,transd
100,100,76,24,0.76,0.165887189029262,TransE
130,130,103,27,0.792307692307692,0.165393000291659,transd
125,125,99,26,0.792,0.165367337276222,transd
131,131,104,27,0.793893129770992,0.165092165757665,transd
104,104,81,23,0.778846153846154,0.16498625212104,TransE
132,132,105,27,0.795454545454545,0.163557253657782,transd
111,111,82,29,0.738738738738739,0.163353828837152,distmult
107,107,82,25,0.766355140186916,0.161518734497123,transd
145,145,118,26,0.813793103448276,0.160754394664178,transd
110,110,85,25,0.772727272727273,0.160612199879765,TransE
95,95,72,23,0.757894736842105,0.160598800375025,TransE
110,110,81,29,0.736363636363636,0.160397600495407,distmult
134,134,107,27,0.798507462686567,0.160245145874062,transd
139,139,112,26,0.805755395683453,0.160148200118346,ProjE
98,98,75,23,0.76530612244898,0.160059194894182,distmult
110,110,84,26,0.763636363636364,0.160037166097761,transd
76,76,55,21,0.723684210526316,0.159835085005807,TransE
172,172,138,34,0.802325581395349,0.159701600038833,TransE
146,146,118,26,0.808219178082192,0.159418620539074,transd
97,97,74,23,0.762886597938144,0.159351638903546,TransE
107,107,78,29,0.728971962616822,0.159115143488658,distmult
140,140,113,26,0.807142857142857,0.158901198412719,ProjE
133,133,106,27,0.796992481203007,0.158494020294932,transd
97,97,74,23,0.762886597938144,0.158487803597278,distmult
94,94,71,23,0.75531914893617,0.157951470086889,TransE
144,144,117,26,0.8125,0.157121764912883,transd
82,82,67,15,0.817073170731707,0.156141611829818,ProjE
106,106,77,29,0.726415094339623,0.156085374577843,distmult
105,105,76,29,0.723809523809524,0.155517260237797,distmult
109,109,83,26,0.761467889908257,0.155471096882241,transd
99,99,75,24,0.757575757575758,0.155331796098723,TransE
116,116,89,26,0.767241379310345,0.153753819989468,distmult
150,150,116,34,0.773333333333333,0.153627011207828,transd
105,105,81,24,0.771428571428571,0.152876020884581,TransE
109,109,80,29,0.73394495412844,0.152773728544572,distmult
113,113,86,27,0.761061946902655,0.15174185709425,transd
112,112,87,25,0.776785714285714,0.151674548764763,TransE
124,124,96,28,0.774193548387097,0.151367263018249,transd
115,115,88,26,0.765217391304348,0.150732735909776,distmult
108,108,83,25,0.768518518518518,0.149939683865155,transd
89,89,68,21,0.764044943820225,0.149141375897779,TransE
98,98,74,24,0.755102040816326,0.148917087924549,TransE
90,90,68,22,0.755555555555556,0.148417632225436,TransE
123,123,95,28,0.772357723577236,0.148417196245493,transd
81,81,66,15,0.814814814814815,0.147513428083484,ProjE
122,122,94,28,0.770491803278688,0.147238967685683,transd
121,121,93,28,0.768595041322314,0.146399054129107,transd
149,149,116,31,0.778523489932886,0.146182720975355,ProjE
111,111,84,27,0.756756756756757,0.145623442768917,transd
115,115,87,28,0.756521739130435,0.145256906031228,transd
88,88,66,22,0.75,0.142701083144568,TransE
114,114,86,28,0.754385964912281,0.14149489849715,transd
111,111,84,27,0.756756756756757,0.141473721051745,TransE
112,112,84,28,0.75,0.139746029560945,transd
106,106,81,25,0.764150943396226,0.139348630820154,transd
87,87,65,22,0.747126436781609,0.138980534759163,TransE
108,108,78,30,0.722222222222222,0.138048553689256,distmult
116,116,87,29,0.75,0.138029945386578,TransE
115,115,86,29,0.747826086956522,0.135959785313926,TransE
80,80,65,15,0.8125,0.135909836183274,ProjE
120,120,92,28,0.766666666666667,0.135328368126384,transd
105,105,80,25,0.761904761904762,0.13490282911392,transd
73,73,57,16,0.780821917808219,0.133852115933959,ProjE
106,106,82,24,0.773584905660377,0.133297933662678,TransE
78,78,63,15,0.807692307692308,0.132598955331748,ProjE
104,104,79,25,0.759615384615385,0.130475573584851,transd
66,66,52,14,0.787878787878788,0.128742255845772,ProjE
116,116,88,28,0.758620689655172,0.126819588403741,transd
103,103,78,25,0.757281553398058,0.126685298832354,transd
67,67,53,14,0.791044776119403,0.126257941717958,ProjE
93,93,68,25,0.731182795698925,0.126218147308884,distmult
119,119,91,28,0.764705882352941,0.12608396604111,transd
118,118,90,28,0.76271186440678,0.125754832114542,transd
102,102,77,25,0.754901960784314,0.125082571874128,transd
117,117,89,28,0.760683760683761,0.125057959634931,transd
108,108,82,26,0.759259259259259,0.124527782353272,TransE
79,79,64,15,0.810126582278481,0.12393001826052,ProjE
96,96,71,25,0.739583333333333,0.121396216069732,distmult
76,76,60,16,0.789473684210526,0.121293869832442,ProjE
75,75,59,16,0.786666666666667,0.120620415405011,ProjE
109,109,82,27,0.752293577981651,0.120069988578117,TransE
107,107,82,25,0.766355140186916,0.119239534250487,TransE
101,101,76,25,0.752475247524752,0.117496767468709,transd
95,95,70,25,0.736842105263158,0.117136642539176,distmult
68,68,54,14,0.794117647058823,0.116368609176921,ProjE
63,63,49,14,0.777777777777778,0.116176567311145,ProjE
69,69,55,14,0.797101449275362,0.114810088805631,ProjE
85,85,64,21,0.752941176470588,0.114595444404757,transd
77,77,60,17,0.779220779220779,0.113436045146388,ProjE
100,100,75,25,0.75,0.112457069294896,transd
70,70,55,15,0.785714285714286,0.111331548353822,ProjE
84,84,63,21,0.75,0.111246249336225,transd
64,64,49,15,0.765625,0.110144279940037,ProjE
84,84,62,22,0.738095238095238,0.109689083278759,TransE
92,92,67,25,0.728260869565217,0.109371664806379,distmult
99,99,74,25,0.747474747474748,0.108983988413673,transd
86,86,62,24,0.72093023255814,0.104809825168992,TransE
83,83,62,21,0.746987951807229,0.104605040042701,TransE
71,71,56,15,0.788732394366197,0.104244492083983,ProjE
92,92,73,19,0.793478260869565,0.103950796061169,transd
93,93,73,20,0.78494623655914,0.100345121234529,transd
86,86,65,21,0.755813953488372,0.099752630379147,transd
98,98,73,25,0.744897959183674,0.099355226208444,transd
97,97,73,24,0.752577319587629,0.099189905682751,transd
62,62,48,14,0.774193548387097,0.09888134249204,ProjE
96,96,72,24,0.75,0.098453072090819,transd
91,91,70,21,0.769230769230769,0.09824366678961,TransE
95,95,71,24,0.747368421052632,0.097892254381279,transd
91,91,67,24,0.736263736263736,0.097599154772527,distmult
74,74,58,16,0.783783783783784,0.096598814079025,ProjE
91,91,71,20,0.78021978021978,0.095628676815501,transd
94,94,71,23,0.75531914893617,0.094947808064676,transd
72,72,57,15,0.791666666666667,0.092408176812704,ProjE
65,65,50,15,0.769230769230769,0.088675102269171,ProjE
87,87,64,23,0.735632183908046,0.087665788027551,distmult
52,52,41,11,0.788461538461538,0.087430752859687,ProjE
78,78,56,22,0.717948717948718,0.086212256485627,transd
61,61,47,14,0.770491803278688,0.084596636760094,ProjE
89,89,69,20,0.775280898876405,0.083905199003694,transd
90,90,68,22,0.755555555555556,0.082093789391829,transd
51,51,40,11,0.784313725490196,0.080610814464908,ProjE
85,85,61,24,0.717647058823529,0.080370949315582,TransE
77,77,54,23,0.701298701298701,0.079657391590741,transd
79,79,57,22,0.721518987341772,0.079320218394839,transd
88,88,68,20,0.772727272727273,0.079187140945007,transd
50,50,39,11,0.78,0.078965957063067,ProjE
80,80,58,22,0.725,0.078768883169836,transd
87,87,66,21,0.758620689655172,0.078139750699343,transd
86,86,61,25,0.709302325581395,0.077254215867763,distmult
76,76,53,23,0.697368421052632,0.076383307134268,transd
83,83,62,21,0.746987951807229,0.074375006124242,transd
82,82,60,22,0.731707317073171,0.071499273407676,transd
79,79,55,24,0.69620253164557,0.070225862433422,distmult
81,81,59,22,0.728395061728395,0.069450234000324,transd
82,82,61,21,0.74390243902439,0.067610495767539,TransE
94,94,66,28,0.702127659574468,0.066878929635945,distmult
72,72,52,20,0.722222222222222,0.066722751812917,TransE
80,80,60,20,0.75,0.06615694247686,TransE
75,75,52,23,0.693333333333333,0.064842559931314,transd
81,81,60,21,0.740740740740741,0.064664734539701,TransE
78,78,54,24,0.692307692307692,0.064231313894823,distmult
71,71,51,20,0.71830985915493,0.063088697693881,TransE
68,68,49,19,0.720588235294118,0.062734444558825,TransE
74,74,51,23,0.689189189189189,0.06088007542991,transd
79,79,59,20,0.746835443037975,0.059098636984771,TransE
70,70,49,21,0.7,0.059064343025003,TransE
54,54,36,18,0.666666666666667,0.058845295029697,TransE
54,54,42,12,0.777777777777778,0.057102266225936,ProjE
69,69,48,21,0.695652173913043,0.056293090676797,TransE
53,53,41,12,0.773584905660377,0.053894948910461,ProjE
59,59,46,13,0.779661016949153,0.05347604596276,ProjE
78,78,57,21,0.730769230769231,0.053426668476564,TransE
60,60,46,14,0.766666666666667,0.052463155624602,ProjE
68,68,46,22,0.676470588235294,0.051495118154928,transd
67,67,48,19,0.716417910447761,0.051366865104179,TransE
67,67,45,22,0.671641791044776,0.049944799824186,transd
85,85,60,25,0.705882352941176,0.048025321771695,distmult
70,70,49,21,0.7,0.045162140018828,transd
90,90,64,26,0.711111111111111,0.044292925090589,distmult
71,71,47,24,0.661971830985916,0.041874263007712,distmult
53,53,34,19,0.641509433962264,0.040577316514749,TransE
77,77,55,22,0.714285714285714,0.040542144995791,TransE
73,73,50,23,0.684931506849315,0.037543085760364,transd
72,72,49,23,0.680555555555556,0.036619820822597,transd
66,66,44,22,0.666666666666667,0.036439024984604,transd
69,69,47,22,0.681159420289855,0.03564395019491,transd
89,89,62,27,0.696629213483146,0.035156757603823,distmult
88,88,62,26,0.704545454545455,0.035028553415128,distmult
58,58,45,13,0.775862068965517,0.034785933994425,ProjE
63,63,44,19,0.698412698412698,0.034714684001592,TransE
65,65,43,22,0.661538461538462,0.034383282076209,transd
65,65,45,20,0.692307692307692,0.033159543052807,TransE
70,70,46,24,0.657142857142857,0.033098399625523,distmult
64,64,42,22,0.65625,0.030778949562521,transd
71,71,48,23,0.676056338028169,0.029860801461169,transd
75,75,53,22,0.706666666666667,0.029189131082917,TransE
74,74,53,21,0.716216216216216,0.028583609777159,distmult
57,57,44,13,0.771929824561403,0.027556568425448,ProjE
61,61,40,21,0.655737704918033,0.027423044585976,transd
83,83,57,26,0.686746987951807,0.02601324781949,distmult
84,84,54,30,0.642857142857143,0.02503371770762,distmult
52,52,33,19,0.634615384615385,0.024295498093203,TransE
62,62,43,19,0.693548387096774,0.023931524545817,transd
69,69,45,24,0.652173913043478,0.023885762528735,distmult
62,62,43,19,0.693548387096774,0.023670809762278,TransE
60,60,40,20,0.666666666666667,0.023028736098614,transd
56,56,43,13,0.767857142857143,0.020580711736107,ProjE
73,73,52,21,0.712328767123288,0.020245316590793,distmult
63,63,41,22,0.650793650793651,0.018974407360966,transd
66,66,47,19,0.712121212121212,0.017883896149882,TransE
55,55,41,14,0.745454545454545,0.016795131493313,ProjE
72,72,51,21,0.708333333333333,0.015019593396626,distmult
44,44,33,11,0.75,0.013756888757562,ProjE
48,48,37,11,0.770833333333333,0.013106920981654,ProjE
75,75,49,26,0.653333333333333,0.012624020175671,distmult
45,45,34,11,0.755555555555556,0.012617970504131,ProjE
76,76,50,26,0.657894736842105,0.01053054328443,distmult
81,81,56,25,0.691358024691358,0.009725715151735,distmult
47,47,36,11,0.765957446808511,0.005290642288453,ProjE
54,54,34,20,0.62962962962963,0.001183980810644,transd
61,61,42,19,0.688524590163934,-0.001440436548476,TransE
43,43,32,11,0.744186046511628,-0.002303647323844,ProjE
58,58,38,20,0.655172413793103,-0.002429040168147,TransE
22,22,15,6,0.681818181818182,-0.00550925137938,ProjE
60,60,41,19,0.683333333333333,-0.006495024204218,TransE
40,40,29,11,0.725,-0.007710858481655,ProjE
82,82,55,27,0.670731707317073,-0.008639442681961,distmult
46,46,35,11,0.760869565217391,-0.009608947433661,ProjE
51,51,32,19,0.627450980392157,-0.009753893488951,TransE
53,53,33,20,0.622641509433962,-0.012143670801764,distmult
68,68,49,19,0.720588235294118,-0.012449348859092,distmult
59,59,40,19,0.677966101694915,-0.012659275747812,TransE
80,80,55,25,0.6875,-0.012862248400015,distmult
16,16,11,5,0.6875,-0.013126889906862,ProjE
64,64,44,20,0.6875,-0.015491180912821,TransE
67,67,48,19,0.716417910447761,-0.018291956413106,distmult
52,52,34,18,0.653846153846154,-0.020481778679548,transd
59,59,42,17,0.711864406779661,-0.020566381000894,transd
53,53,34,19,0.641509433962264,-0.022765612436398,transd
49,49,30,19,0.612244897959184,-0.023794036933783,TransE
39,39,28,11,0.717948717948718,-0.023942769478627,ProjE
52,52,32,20,0.615384615384615,-0.024944915029477,distmult
56,56,38,18,0.678571428571429,-0.025956314917821,transd
51,51,32,19,0.627450980392157,-0.026732344276051,distmult
51,51,33,18,0.647058823529412,-0.027373215548897,transd
66,66,47,19,0.712121212121212,-0.027926016559995,distmult
43,43,24,19,0.558139534883721,-0.029347424834645,transd
58,58,41,17,0.706896551724138,-0.032219282645088,transd
73,73,51,22,0.698630136986301,-0.032697426615755,TransE
74,74,53,21,0.716216216216216,-0.0336772681847,TransE
50,50,32,18,0.64,-0.038055406182386,transd
41,41,30,11,0.731707317073171,-0.042219400651033,ProjE
38,38,28,10,0.736842105263158,-0.043059177417152,ProjE
77,77,52,25,0.675324675324675,-0.043724148510205,distmult
55,55,37,18,0.672727272727273,-0.045944342037918,transd
65,65,45,20,0.692307692307692,-0.053489563760639,distmult
37,37,27,10,0.72972972972973,-0.053515032610558,ProjE
49,49,38,11,0.775510204081633,-0.061345335890346,ProjE
55,55,35,20,0.636363636363636,-0.061646889779213,distmult
64,64,45,19,0.703125,-0.062760405778279,distmult
49,49,31,18,0.63265306122449,-0.064656411088731,transd
55,55,34,21,0.618181818181818,-0.065942997410705,TransE
62,62,36,26,0.580645161290323,-0.067424112734599,distmult
57,57,37,20,0.649122807017544,-0.067605689274906,TransE
24,24,16,8,0.666666666666667,-0.070654257028561,ProjE
57,57,40,17,0.701754385964912,-0.071839156718694,transd
54,54,35,19,0.648148148148148,-0.075904330412283,distmult
56,56,36,20,0.642857142857143,-0.078735766249201,TransE
14,14,9,5,0.642857142857143,-0.079512120618433,ProjE
48,48,30,18,0.625,-0.079656134277388,transd
36,36,23,13,0.638888888888889,-0.082294491300359,ProjE
63,63,42,21,0.666666666666667,-0.082766766647933,distmult
49,49,29,20,0.591836734693878,-0.085848227232575,distmult
48,48,31,17,0.645833333333333,-0.085973784077909,TransE
50,50,29,21,0.58,-0.086966829053218,distmult
47,47,29,18,0.617021276595745,-0.087001113344779,transd
42,42,31,11,0.738095238095238,-0.088453281705781,ProjE
29,29,19,10,0.655172413793103,-0.090257386789449,ProjE
46,46,27,19,0.58695652173913,-0.090941844728938,transd
35,35,22,13,0.628571428571429,-0.091535968881663,ProjE
45,45,27,18,0.6,-0.092944053291999,transd
23,23,15,8,0.652173913043478,-0.09877845520383,ProjE
61,61,40,21,0.655737704918033,-0.098991810942864,distmult
34,34,22,12,0.647058823529412,-0.100114745433918,ProjE
44,44,26,18,0.590909090909091,-0.100166434112757,transd
50,50,29,21,0.58,-0.1010463367455,TransE
48,48,28,20,0.583333333333333,-0.102574809625639,distmult
33,33,22,11,0.666666666666667,-0.108070097097731,ProjE
28,28,18,10,0.642857142857143,-0.11086533028929,ProjE
56,56,35,21,0.625,-0.117720973123602,distmult
59,59,38,21,0.644067796610169,-0.117776427094648,distmult
60,60,39,21,0.65,-0.117875249323115,distmult
45,45,28,17,0.622222222222222,-0.118991734906505,TransE
58,58,38,20,0.655172413793103,-0.119378245577877,distmult
42,42,24,18,0.571428571428571,-0.119971642866159,TransE
46,46,28,18,0.608695652173913,-0.123067275598809,TransE
21,21,14,7,0.666666666666667,-0.124092693315625,ProjE
15,15,8,7,0.533333333333333,-0.127965047411785,ProjE
57,57,37,20,0.649122807017544,-0.130382144412342,distmult
31,31,20,11,0.645161290322581,-0.132038923446052,ProjE
32,32,21,11,0.65625,-0.1348673195247,ProjE
47,47,28,19,0.595744680851064,-0.135787417165398,TransE
40,40,22,18,0.55,-0.1358564981626,transd
45,45,25,20,0.555555555555556,-0.136380056017751,distmult
46,46,27,19,0.58695652173913,-0.137878144882673,distmult
41,41,23,18,0.560975609756098,-0.139829090884929,transd
44,44,27,17,0.613636363636364,-0.142362175917361,TransE
44,44,25,19,0.568181818181818,-0.143973052820459,distmult
47,47,27,20,0.574468085106383,-0.146100506226741,distmult
42,42,24,18,0.571428571428571,-0.153799479195758,transd
36,36,18,18,0.5,-0.156496553515046,transd
43,43,24,19,0.558139534883721,-0.157034680747152,distmult
25,25,16,9,0.64,-0.158246406633376,ProjE
30,30,19,11,0.633333333333333,-0.160426693999865,ProjE
41,41,23,18,0.560975609756098,-0.160661929167069,distmult
40,40,22,18,0.55,-0.16478887118923,distmult
39,39,21,18,0.538461538461538,-0.171518043995598,distmult
43,43,26,17,0.604651162790698,-0.172865635332544,TransE
39,39,21,18,0.538461538461538,-0.177553972265191,transd
42,42,23,19,0.547619047619048,-0.182760485889489,distmult
39,39,21,18,0.538461538461538,-0.182796684919873,TransE
35,35,17,18,0.485714285714286,-0.190295183541508,transd
38,38,20,18,0.526315789473684,-0.193745499432177,distmult
38,38,22,16,0.578947368421053,-0.194408371226916,TransE
38,38,20,18,0.526315789473684,-0.196485375546828,transd
37,37,19,18,0.513513513513513,-0.197476150099472,transd
36,36,18,18,0.5,-0.204219061897146,distmult
27,27,18,9,0.666666666666667,-0.20752269840121,ProjE
41,41,24,17,0.585365853658537,-0.208376781317906,TransE
37,37,19,18,0.513513513513513,-0.211966575054951,distmult
12,12,5,7,0.416666666666667,-0.212406204790396,ProjE
34,34,16,18,0.470588235294118,-0.217141814811949,distmult
17,17,10,7,0.588235294117647,-0.226803962838212,ProjE
40,40,22,18,0.55,-0.230587575805015,TransE
34,34,16,18,0.470588235294118,-0.234403696767108,transd
35,35,17,18,0.485714285714286,-0.240085700072289,distmult
33,33,16,17,0.484848484848485,-0.245004410470671,distmult
37,37,21,16,0.567567567567568,-0.246292859126598,TransE
10,10,5,5,0.5,-0.253347498938389,ProjE
33,33,15,18,0.454545454545455,-0.254739160213649,transd
19,19,12,7,0.631578947368421,-0.269728127618922,ProjE
13,13,5,8,0.384615384615385,-0.273734502987898,ProjE
32,32,14,18,0.4375,-0.279108627683153,transd
26,26,17,9,0.653846153846154,-0.282263949872305,ProjE
30,30,14,16,0.466666666666667,-0.285635314013211,distmult
32,32,14,18,0.4375,-0.29518275656057,distmult
31,31,13,18,0.419354838709678,-0.305477410410208,transd
9,9,4,5,0.444444444444444,-0.306098501483323,ProjE
31,31,13,18,0.419354838709678,-0.317529328054282,distmult
33,33,17,16,0.515151515151515,-0.321822628950995,TransE
29,29,12,17,0.413793103448276,-0.328301103806373,distmult
18,18,11,7,0.611111111111111,-0.335660071095715,ProjE
36,36,21,15,0.583333333333333,-0.343886025662125,TransE
25,25,11,14,0.44,-0.360387458343318,distmult
11,11,7,4,0.636363636363636,-0.368284440526168,ProjE
35,35,20,15,0.571428571428571,-0.374398886346158,TransE
31,31,13,18,0.419354838709678,-0.377897450539768,TransE
32,32,12,20,0.375,-0.394032845171004,TransE
28,28,11,17,0.392857142857143,-0.397963118030888,distmult
8,8,4,4,0.5,-0.402541440855166,ProjE
34,34,19,15,0.558823529411765,-0.406762285268773,TransE
27,27,10,17,0.37037037037037,-0.415264249110731,distmult
30,30,16,14,0.533333333333333,-0.417594407477155,TransE
19,19,9,10,0.473684210526316,-0.419980825813433,TransE
17,17,7,10,0.411764705882353,-0.427457464503741,TransE
24,24,8,16,0.333333333333333,-0.42940902333328,distmult
20,20,13,7,0.65,-0.44602481125901,ProjE
23,23,8,15,0.347826086956522,-0.450101301093002,distmult
27,27,9,18,0.333333333333333,-0.455372493500868,transd
30,30,10,20,0.333333333333333,-0.457102443560436,transd
20,20,9,11,0.45,-0.458005829605946,TransE
26,26,9,17,0.346153846153846,-0.459472678904334,distmult
29,29,13,16,0.448275862068966,-0.476489895505366,TransE
28,28,12,16,0.428571428571429,-0.480047290875207,TransE
29,29,9,20,0.310344827586207,-0.484922284074899,transd
22,22,7,15,0.318181818181818,-0.490550010905909,distmult
27,27,11,16,0.407407407407407,-0.495625012054819,TransE
22,22,9,13,0.409090909090909,-0.500843304241346,TransE
18,18,7,11,0.388888888888889,-0.518270549903008,TransE
21,21,5,16,0.238095238095238,-0.529776585182291,distmult
26,26,7,19,0.269230769230769,-0.531324722475274,transd
28,28,9,19,0.321428571428571,-0.540855757886743,transd
26,26,9,17,0.346153846153846,-0.545997758731239,TransE
16,16,6,10,0.375,-0.573143875994268,TransE
25,25,8,17,0.32,-0.579187027839976,transd
24,24,6,18,0.25,-0.598055146537747,transd
19,19,6,13,0.31578947368421,-0.599747047601376,distmult
7,7,2,5,0.285714285714286,-0.600342865799905,ProjE
23,23,5,18,0.217391304347826,-0.600594856273652,transd
23,23,9,14,0.391304347826087,-0.613960797125523,TransE
14,14,4,10,0.285714285714286,-0.621261411813142,TransE
25,25,9,16,0.36,-0.625981099076058,TransE
24,24,9,15,0.375,-0.639364083590643,TransE
18,18,4,14,0.222222222222222,-0.656278195571493,distmult
21,21,5,16,0.238095238095238,-0.666799343599166,transd
16,16,3,13,0.1875,-0.678256707408892,distmult
20,20,7,13,0.35,-0.679773377052381,transd
15,15,4,11,0.266666666666667,-0.715340544155257,TransE
19,19,6,13,0.31578947368421,-0.73110008831862,transd
22,22,7,15,0.318181818181818,-0.731648936108519,transd
20,20,6,14,0.3,-0.749087637854215,distmult
21,21,7,14,0.333333333333333,-0.752814320256187,TransE
17,17,3,14,0.176470588235294,-0.755912033502409,distmult
15,15,2,13,0.133333333333333,-0.793974153330775,distmult
18,18,5,13,0.277777777777778,-0.843649318053662,transd
5,5,1,4,0.2,-0.872372645532528,ProjE
10,10,2,8,0.2,-0.889220881502737,TransE
14,14,2,12,0.142857142857143,-0.901969316503512,distmult
17,17,3,14,0.176470588235294,-0.935320796225476,transd
13,13,4,9,0.307692307692308,-0.93851422316938,TransE
15,15,3,12,0.2,-0.94838181332728,transd
16,16,3,13,0.1875,-0.967946218150052,transd
12,12,3,9,0.25,-1.00777823506818,TransE
14,14,3,11,0.214285714285714,-1.0197641279799,transd
6,6,2,4,0.333333333333333,-1.04525756959864,ProjE
11,11,3,8,0.272727272727273,-1.06150966950893,TransE
9,9,2,7,0.222222222222222,-1.0632475674435,TransE
4,4,1,3,0.25,-1.07532300309603,ProjE
13,13,3,10,0.230769230769231,-1.08964679722674,transd
11,11,2,9,0.181818181818182,-1.20554464909079,transd
8,8,2,6,0.25,-1.24181085272249,transd
13,13,4,9,0.307692307692308,-1.3092411099169,distmult
7,7,2,5,0.285714285714286,-1.37277995216233,distmult
8,8,2,6,0.25,-1.37367766653007,TransE
9,9,1,8,0.111111111111111,-1.37482917912102,distmult
12,12,2,10,0.166666666666667,-1.38507525437709,distmult
12,12,2,10,0.166666666666667,-1.40039641742606,transd
7,7,1,6,0.142857142857143,-1.41233535047085,TransE
10,10,2,8,0.2,-1.42465162367422,transd
9,9,2,7,0.222222222222222,-1.43790465694311,transd
3,3,0,3,0,-1.44632689950738,ProjE
3,3,0,3,0,-1.49950326617953,transd
10,10,2,8,0.2,-1.5413086862615,distmult
3,3,0,3,0,-1.59628421348139,TransE
8,8,2,6,0.25,-1.59630543114841,distmult
7,7,2,5,0.285714285714286,-1.65428034905676,transd
11,11,3,8,0.272727272727273,-1.75899964777886,distmult
6,6,2,4,0.333333333333333,-1.83714649747933,transd
6,6,0,6,0,-1.90522847179778,TransE
5,5,2,3,0.4,-1.93724533998722,distmult
2,2,0,2,0,-1.95705616079317,transd
2,2,0,2,0,-1.95705616079317,ProjE
2,2,0,2,0,-2.00379648709307,distmult
5,5,1,4,0.2,-2.28332118812669,transd
5,5,0,5,0,-2.35852520187375,TransE
4,4,0,4,0,-2.65417072075963,transd
4,4,0,4,0,-2.98624815213939,distmult
6,6,1,5,0.166666666666667,-2.99665901220825,distmult
4,4,0,4,0,-3.10731071592022,TransE
2,2,0,2,0,-3.18353492049948,TransE
1,1,0,1,0,-3.20192345827367,TransE
1,1,0,1,0,-3.20192345827367,distmult
1,1,0,1,0,-3.20192345827367,transd
1,1,0,1,0,-3.20192345827367,ProjE
3,3,0,3,0,-3.58438606565456,distmult
